InterationID,CustomerID,CampaignID,InteractionDate,Response
1,146,6,2021-01-16,1
2,987,33,2020-11-07,1
3,315,29,2020-11-15,0
4,345,19,2021-12-30,1
5,54,15,2022-11-20,1
6,356,25,2022-01-13,1
7,836,42,2022-01-03,1
8,167,29,2021-12-27,1
9,635,31,2020-08-21,1
10,771,18,2021-12-03,0
11,900,36,2021-02-17,1
12,397,11,2020-02-29,1
13,34,49,2022-08-25,0
14,828,1,2021-05-25,0
15,519,35,2022-03-13,0
16,601,25,2020-05-20,1
17,489,5,2022-12-04,0
18,931,32,2022-04-02,0
19,657,34,2020-12-26,0
20,326,7,2021-08-15,1
21,986,5,2021-10-01,0
22,972,10,2021-04-28,0
23,833,11,2020-02-05,1
24,80,14,2020-11-01,1
25,771,6,2022-06-18,1
26,393,11,2020-08-20,1
27,12,10,2021-09-28,0
28,737,6,2020-06-29,0
29,408,13,2021-06-12,1
30,399,22,2020-03-09,0
31,942,21,2020-08-10,1
32,190,39,2022-12-01,0
33,481,20,2022-08-26,0
34,227,30,2021-11-05,0
35,725,18,2020-03-10,1
36,23,20,2021-09-20,1
37,287,27,2021-04-08,0
38,913,9,2022-05-08,0
39,360,31,2021-09-02,1
40,856,33,2020-10-11,0
41,939,31,2022-10-28,1
42,475,26,2020-06-22,1
43,874,43,2020-09-25,1
44,744,24,2021-06-28,1
45,753,3,2020-01-16,0
46,931,44,2022-06-30,0
47,57,19,2021-08-16,1
48,383,14,2022-01-10,0
49,370,1,2020-03-11,1
50,355,9,2022-05-07,0
51,297,4,2022-08-22,1
52,996,34,2020-01-05,0
53,176,18,2020-10-14,0
54,497,25,2022-11-24,0
55,232,13,2021-01-02,1
56,930,29,2020-03-19,1
57,692,16,2022-08-20,1
58,134,30,2022-04-12,1
59,514,2,2020-10-30,1
60,654,21,2021-09-21,1
61,602,16,2021-12-27,0
62,580,48,2021-05-23,0
63,596,48,2022-01-03,0
64,903,20,2021-07-12,0
65,29,11,2020-07-27,1
66,109,30,2021-10-13,0
67,189,14,2022-12-06,1
68,381,40,2020-06-17,1
69,612,49,2023-01-01,0
70,365,41,2020-04-15,1
71,110,12,2020-06-19,0
72,586,14,2020-09-19,0
73,707,7,2021-05-19,0
74,329,46,2022-03-07,1
75,210,45,2021-04-23,0
76,214,43,2021-12-02,1
77,851,36,2020-11-17,0
78,366,10,2020-08-02,0
79,911,25,2021-04-22,1
80,165,19,2020-07-02,1
81,594,15,2020-11-01,0
82,143,46,2022-12-11,0
83,19,2,2021-06-05,1
84,8,16,2022-02-05,0
85,229,22,2022-08-24,0
86,29,12,2020-07-29,0
87,552,12,2022-01-16,1
88,898,29,2022-11-08,1
89,263,26,2022-10-13,0
90,406,14,2021-04-02,1
91,662,49,2021-05-05,0
92,764,40,2020-09-10,1
93,577,27,2021-05-20,1
94,809,12,2020-06-19,0
95,413,13,2020-07-16,0
96,347,39,2020-12-08,0
97,12,14,2020-02-27,1
98,5,14,2021-05-16,0
99,353,48,2020-05-16,1
100,738,29,2021-01-03,1
101,450,40,2020-06-16,0
102,242,3,2022-06-11,1
103,784,36,2022-08-28,0
104,656,14,2021-06-23,1
105,496,40,2022-08-19,1
106,234,20,2020-01-26,1
107,263,33,2020-10-21,0
108,887,7,2020-05-31,0
109,313,47,2020-01-11,0
110,792,2,2021-10-03,0
111,972,14,2021-07-06,0
112,126,34,2021-05-01,1
113,130,24,2022-11-01,0
114,908,27,2020-11-10,1
115,244,45,2020-11-07,1
116,899,21,2021-02-24,0
117,790,16,2020-11-15,0
118,72,20,2020-09-26,0
119,381,25,2022-03-20,1
120,283,32,2020-05-28,0
121,218,45,2021-12-05,0
122,790,27,2022-07-27,0
123,611,28,2021-02-13,1
124,695,16,2021-05-25,1
125,602,26,2022-01-17,1
126,760,26,2020-11-24,1
127,180,24,2021-03-09,0
128,697,26,2021-12-31,0
129,534,22,2022-01-09,0
130,785,25,2022-06-28,1
131,251,5,2020-02-14,0
132,766,22,2022-12-04,0
133,175,26,2021-05-22,1
134,30,7,2021-05-25,1
135,166,40,2022-09-23,0
136,596,34,2022-05-29,1
137,141,27,2022-02-19,1
138,921,39,2022-07-16,0
139,353,13,2022-09-21,1
140,862,46,2020-12-22,1
141,972,14,2020-08-14,1
142,308,11,2021-09-08,0
143,660,36,2022-07-31,0
144,892,46,2021-04-23,1
145,765,3,2020-06-13,0
146,705,1,2022-05-02,1
147,926,47,2021-06-20,1
148,58,34,2020-07-21,1
149,771,27,2022-09-24,0
150,153,41,2020-09-11,1
151,148,10,2022-03-21,1
152,234,44,2020-03-31,1
153,630,40,2022-08-07,0
154,107,15,2020-09-21,0
155,418,6,2022-12-31,1
156,820,12,2020-08-30,1
157,677,46,2022-02-02,1
158,848,29,2020-03-14,0
159,853,19,2021-05-30,0
160,166,44,2020-11-25,0
161,408,44,2020-02-09,0
162,931,16,2022-09-29,1
163,783,15,2020-06-30,0
164,523,3,2021-04-06,0
165,727,28,2020-11-21,1
166,963,19,2021-01-09,0
167,876,6,2020-02-29,1
168,678,36,2022-01-24,0
169,191,35,2022-05-25,0
170,112,41,2021-06-10,1
171,74,27,2020-04-20,0
172,659,22,2020-05-23,1
173,755,14,2021-11-11,1
174,615,34,2022-11-22,0
175,353,43,2021-01-25,1
176,370,40,2022-07-22,0
177,758,9,2022-08-19,0
178,209,6,2022-06-19,0
179,527,29,2020-11-24,1
180,954,33,2020-03-05,0
181,693,4,2020-12-10,1
182,537,25,2022-05-17,0
183,591,19,2022-03-02,0
184,479,16,2021-09-22,0
185,613,38,2022-08-08,1
186,316,26,2022-07-21,0
187,428,1,2021-07-26,0
188,695,49,2022-01-06,0
189,406,5,2021-05-04,1
190,112,26,2021-09-19,0
191,555,23,2021-01-04,1
192,143,45,2020-02-18,0
193,259,49,2020-03-20,0
194,730,46,2021-04-10,1
195,255,11,2021-12-18,0
196,677,37,2021-04-26,0
197,482,2,2021-06-04,1
198,674,6,2020-02-18,0
199,175,40,2022-09-18,0
200,376,40,2020-03-27,1
201,564,35,2021-06-15,1
202,782,42,2021-10-29,0
203,311,13,2020-04-01,1
204,453,14,2020-01-23,1
205,500,49,2021-12-17,1
206,284,39,2021-08-23,1
207,269,1,2022-02-16,1
208,443,23,2020-12-11,1
209,583,32,2020-10-01,0
210,126,32,2022-02-01,1
211,248,34,2021-01-03,1
212,803,34,2020-01-17,0
213,103,21,2022-01-05,0
214,765,26,2021-03-22,1
215,94,1,2020-09-01,1
216,508,24,2022-08-27,1
217,703,7,2021-07-13,0
218,774,6,2021-09-01,1
219,702,31,2021-08-14,1
220,304,19,2020-04-17,0
221,405,39,2021-07-04,0
222,342,37,2021-05-04,0
223,775,19,2021-08-13,0
224,363,26,2022-07-13,1
225,296,42,2020-02-13,1
226,962,27,2021-10-27,1
227,532,2,2021-09-12,1
228,720,19,2020-01-29,1
229,710,47,2021-09-29,1
230,88,3,2021-08-09,1
231,752,42,2022-04-21,0
232,131,40,2020-07-12,0
233,235,3,2022-03-02,0
234,170,49,2022-04-19,1
235,167,30,2021-08-08,0
236,384,44,2020-07-29,1
237,279,22,2022-03-19,0
238,672,4,2020-07-11,1
239,274,48,2020-01-02,1
240,958,14,2020-04-26,1
241,134,44,2022-11-03,1
242,716,5,2021-04-30,1
243,387,25,2020-08-14,0
244,240,34,2020-10-16,0
245,545,24,2020-07-28,0
246,545,2,2021-07-19,1
247,682,46,2020-08-23,0
248,895,35,2021-09-26,0
249,292,16,2022-11-06,1
250,403,48,2020-10-26,1
251,668,18,2022-04-16,1
252,521,25,2021-05-31,0
253,120,27,2021-10-25,1
254,587,24,2020-05-07,0
255,345,14,2022-07-31,0
256,983,6,2020-04-02,1
257,994,37,2020-08-02,1
258,841,20,2021-02-03,0
259,234,38,2022-03-11,1
260,114,43,2020-09-16,0
261,119,5,2020-10-06,0
262,555,6,2020-11-02,0
263,703,46,2020-09-02,0
264,578,22,2022-03-29,1
265,747,43,2020-03-27,1
266,627,13,2020-08-30,0
267,695,22,2022-03-12,0
268,180,48,2021-10-10,1
269,819,39,2021-09-12,1
270,691,32,2021-01-23,0
271,859,22,2020-01-28,0
272,558,6,2020-09-21,1
273,875,36,2022-05-27,1
274,991,36,2022-07-08,0
275,651,15,2022-02-25,1
276,929,3,2022-04-22,1
277,419,29,2020-09-15,0
278,542,4,2021-01-31,0
279,216,36,2020-08-05,1
280,31,48,2021-08-04,0
281,928,8,2020-10-14,0
282,463,13,2022-04-10,0
283,955,49,2022-08-07,1
284,854,49,2021-09-02,1
285,7,46,2021-12-30,1
286,272,21,2021-09-15,0
287,550,49,2022-04-12,1
288,980,42,2022-06-24,1
289,600,14,2022-10-19,0
290,161,34,2022-08-03,0
291,667,43,2020-02-12,1
292,945,10,2022-09-05,0
293,174,43,2020-05-22,0
294,433,37,2022-10-29,1
295,232,33,2022-11-17,1
296,918,37,2021-11-14,1
297,877,19,2021-03-18,1
298,330,10,2020-11-08,0
299,412,24,2021-11-20,0
300,258,17,2020-12-04,1
301,432,20,2020-12-25,0
302,893,30,2020-01-02,0
303,655,11,2020-05-24,0
304,312,36,2021-07-08,0
305,541,47,2020-02-16,1
306,297,47,2022-01-17,1
307,353,17,2022-07-18,1
308,581,17,2022-10-19,0
309,377,21,2020-05-14,0
310,111,49,2021-11-14,0
311,531,27,2022-07-17,0
312,431,2,2022-04-10,1
313,259,18,2021-02-15,1
314,602,47,2021-01-30,0
315,188,13,2021-03-11,0
316,960,31,2020-05-19,0
317,251,26,2020-04-03,1
318,134,34,2022-07-14,1
319,324,2,2021-10-04,0
320,129,32,2022-04-17,1
321,866,21,2021-07-17,1
322,367,48,2020-10-19,0
323,195,20,2021-04-20,0
324,753,49,2021-02-19,0
325,375,40,2020-03-18,0
326,569,49,2022-08-29,0
327,861,29,2020-02-01,1
328,110,37,2022-06-15,0
329,642,33,2022-07-06,1
330,680,34,2020-03-10,0
331,153,41,2022-06-10,0
332,772,23,2020-07-22,0
333,109,6,2021-06-25,1
334,263,32,2022-04-09,1
335,553,37,2022-08-21,1
336,462,41,2020-04-20,1
337,707,35,2022-09-06,1
338,614,43,2021-06-26,1
339,764,18,2022-11-18,1
340,487,37,2021-12-14,0
341,52,33,2022-05-01,0
342,718,7,2022-01-21,1
343,632,24,2022-01-10,1
344,457,21,2022-05-23,1
345,34,25,2020-04-23,1
346,428,31,2020-12-04,0
347,134,28,2020-03-01,1
348,378,24,2021-05-11,0
349,19,4,2022-09-02,0
350,867,11,2020-05-12,0
351,929,45,2020-07-30,1
352,366,44,2022-05-18,0
353,804,44,2022-06-26,0
354,898,8,2021-03-27,0
355,499,35,2021-12-18,1
356,930,20,2020-10-22,1
357,831,8,2020-12-09,1
358,451,3,2021-11-25,1
359,209,43,2022-01-06,0
360,118,40,2022-03-27,0
361,725,22,2020-07-17,1
362,85,15,2020-05-10,0
363,211,21,2021-02-03,0
364,759,14,2020-08-20,0
365,659,36,2020-12-25,0
366,755,35,2020-04-01,1
367,338,36,2022-06-02,0
368,632,30,2020-10-23,1
369,351,7,2020-03-26,1
370,887,5,2020-03-20,0
371,17,9,2022-07-17,0
372,444,28,2020-02-23,0
373,294,10,2021-05-18,1
374,803,47,2022-04-02,1
375,133,43,2021-01-09,1
376,409,25,2020-10-10,0
377,444,6,2020-04-04,0
378,935,11,2020-10-15,1
379,283,7,2020-10-05,1
380,413,30,2022-12-09,1
381,758,47,2020-05-20,1
382,743,28,2022-11-19,1
383,562,40,2020-11-16,0
384,504,5,2020-06-06,1
385,78,46,2020-02-02,1
386,620,42,2020-10-19,0
387,680,45,2021-02-13,1
388,761,15,2021-07-18,1
389,836,35,2021-11-06,0
390,368,27,2020-10-17,1
391,681,24,2022-03-01,0
392,248,19,2020-10-20,0
393,981,22,2022-02-05,0
394,878,36,2021-12-08,0
395,206,3,2020-04-28,1
396,849,48,2020-03-28,1
397,763,8,2021-04-23,0
398,325,3,2021-02-12,0
399,462,23,2020-03-27,1
400,680,12,2021-11-10,0
401,592,42,2021-12-05,1
402,556,44,2021-01-30,0
403,782,29,2020-11-23,1
404,894,13,2022-01-16,0
405,169,47,2022-09-25,1
406,241,43,2022-05-01,1
407,175,26,2020-11-27,0
408,655,44,2021-03-15,0
409,317,16,2021-04-15,1
410,764,45,2022-03-02,1
411,895,10,2020-09-06,0
412,269,22,2020-02-03,1
413,812,18,2022-09-19,1
414,897,11,2020-02-09,0
415,867,4,2021-07-04,0
416,494,29,2020-05-11,1
417,452,34,2020-12-13,0
418,667,44,2021-12-21,0
419,213,7,2020-04-03,0
420,437,30,2021-10-05,1
421,868,30,2022-08-30,0
422,153,9,2022-12-28,1
423,980,32,2021-02-19,1
424,812,26,2022-08-17,0
425,787,34,2021-03-31,0
426,115,14,2020-12-05,1
427,302,37,2022-06-10,1
428,847,12,2021-11-20,0
429,914,33,2020-10-09,0
430,932,49,2022-12-21,1
431,144,44,2022-07-27,1
432,828,17,2022-09-23,1
433,993,41,2022-12-26,0
434,640,49,2020-07-04,0
435,139,18,2022-12-13,0
436,287,20,2021-03-19,0
437,415,25,2022-02-03,1
438,941,42,2021-12-17,1
439,232,8,2021-10-19,0
440,201,42,2020-10-15,1
441,285,22,2020-05-12,0
442,621,46,2021-09-19,1
443,300,25,2022-06-10,1
444,922,42,2020-08-02,1
445,470,35,2021-05-15,0
446,844,42,2021-03-13,1
447,268,16,2020-02-18,1
448,1000,12,2022-08-26,0
449,812,24,2021-01-15,1
450,541,46,2020-08-03,1
451,330,3,2022-12-10,1
452,926,7,2021-02-09,1
453,139,40,2020-07-07,1
454,134,20,2020-03-18,1
455,147,5,2021-08-26,0
456,683,13,2021-12-31,1
457,988,14,2022-03-02,1
458,610,15,2020-10-28,1
459,263,5,2021-08-28,1
460,867,10,2021-09-30,1
461,220,24,2020-06-14,0
462,391,12,2022-10-10,0
463,996,35,2022-05-31,0
464,418,41,2020-01-15,0
465,338,35,2022-01-18,1
466,838,48,2021-06-19,0
467,39,6,2022-01-21,1
468,316,43,2022-09-09,1
469,751,35,2022-10-10,0
470,436,11,2020-11-27,0
471,928,2,2021-10-03,0
472,884,18,2022-12-15,1
473,627,41,2021-04-17,0
474,765,36,2020-09-25,0
475,463,12,2021-04-17,1
476,902,24,2020-06-12,1
477,114,28,2021-02-24,1
478,849,12,2021-03-28,1
479,225,28,2022-08-05,1
480,871,12,2020-10-04,1
481,464,42,2020-11-09,0
482,223,23,2020-12-01,0
483,849,23,2022-12-20,0
484,462,28,2022-09-09,0
485,815,33,2021-02-02,0
486,635,14,2021-11-29,0
487,707,47,2020-12-02,1
488,231,23,2021-09-14,0
489,191,33,2022-10-23,0
490,329,7,2021-02-09,0
491,795,10,2020-07-30,0
492,644,19,2020-06-11,1
493,130,11,2021-07-10,1
494,382,37,2021-05-28,0
495,991,28,2020-10-20,1
496,608,2,2022-04-08,0
497,430,29,2020-04-20,1
498,583,26,2022-04-01,1
499,385,39,2021-02-26,0
500,37,34,2020-09-02,1
501,827,25,2022-04-10,1
502,65,8,2021-02-20,1
503,331,9,2021-08-06,0
504,240,23,2020-05-31,1
505,912,42,2021-12-21,0
506,416,7,2021-10-19,0
507,956,46,2020-04-21,1
508,321,43,2020-04-21,1
509,999,1,2022-08-07,0
510,356,27,2021-03-07,0
511,544,5,2022-10-30,1
512,622,2,2022-04-12,0
513,788,16,2022-04-24,0
514,402,3,2021-06-25,0
515,278,24,2022-01-18,1
516,403,3,2022-07-09,0
517,31,38,2021-07-01,1
518,460,1,2022-01-25,1
519,41,35,2020-03-23,0
520,630,41,2021-09-25,0
521,330,20,2020-10-27,1
522,981,25,2022-10-22,1
523,451,47,2022-04-01,0
524,506,37,2020-06-10,0
525,129,11,2022-02-22,1
526,352,13,2020-07-30,1
527,135,17,2020-05-27,1
528,929,35,2020-09-17,1
529,455,46,2020-08-24,0
530,951,14,2022-09-16,0
531,177,8,2021-12-21,1
532,45,15,2020-12-26,1
533,381,36,2020-11-05,1
534,343,43,2022-06-10,0
535,845,8,2020-01-24,1
536,876,6,2020-12-21,1
537,99,2,2020-11-27,1
538,755,25,2020-11-17,1
539,420,1,2021-02-23,1
540,873,33,2021-02-19,1
541,629,27,2021-06-25,0
542,182,36,2020-01-21,1
543,58,37,2022-10-26,0
544,426,25,2022-01-18,0
545,102,49,2022-09-23,0
546,628,24,2022-02-18,0
547,611,39,2020-12-20,0
548,738,14,2022-03-16,0
549,197,37,2021-04-06,0
550,980,18,2022-12-01,0
551,225,31,2021-11-14,1
552,757,28,2021-02-26,1
553,765,20,2020-10-16,1
554,773,44,2021-10-16,1
555,894,28,2020-09-11,1
556,340,40,2020-01-22,1
557,480,35,2021-04-15,1
558,184,13,2020-09-26,1
559,229,12,2022-11-09,1
560,793,15,2020-04-26,1
561,445,45,2020-12-21,0
562,385,42,2020-06-03,1
563,670,32,2020-06-16,1
564,128,16,2022-10-12,0
565,627,34,2021-05-12,1
566,401,40,2021-01-04,1
567,889,23,2021-04-17,0
568,339,29,2020-04-14,1
569,197,37,2020-12-30,0
570,872,18,2020-07-18,0
571,647,17,2022-02-10,1
572,135,6,2020-12-05,1
573,401,24,2022-01-11,1
574,456,40,2020-08-08,1
575,36,8,2022-10-10,0
576,890,23,2022-04-24,0
577,601,34,2021-05-07,1
578,275,24,2021-08-05,0
579,202,12,2020-05-14,1
580,367,8,2021-01-27,0
581,711,35,2020-06-20,0
582,708,25,2021-03-07,1
583,622,4,2021-05-03,1
584,358,20,2020-07-31,1
585,116,11,2020-04-29,0
586,692,6,2020-11-18,1
587,348,11,2021-05-04,1
588,500,48,2020-10-02,0
589,555,44,2020-08-22,1
590,829,10,2022-05-22,1
591,569,14,2020-01-18,1
592,163,19,2021-05-14,0
593,371,44,2021-06-14,1
594,521,17,2020-10-20,1
595,65,49,2022-10-19,0
596,391,38,2021-05-15,0
597,500,3,2022-12-02,1
598,450,30,2022-05-17,0
599,278,31,2022-11-16,0
600,477,23,2022-09-21,1
601,553,7,2021-04-02,1
602,107,16,2022-09-27,1
603,729,9,2022-10-27,1
604,162,17,2021-08-10,1
605,290,18,2020-01-12,1
606,55,36,2022-06-12,1
607,941,32,2022-03-30,0
608,35,36,2021-10-01,0
609,700,9,2022-04-08,1
610,604,8,2020-02-25,0
611,349,27,2022-01-26,1
612,757,1,2022-04-06,0
613,322,6,2022-07-12,1
614,278,32,2022-03-07,0
615,869,22,2020-03-03,1
616,503,46,2022-05-23,1
617,609,6,2021-10-15,1
618,324,26,2021-02-02,1
619,504,32,2020-09-06,1
620,426,21,2021-08-02,0
621,62,26,2020-01-05,1
622,72,9,2020-12-12,1
623,475,48,2020-01-08,0
624,50,36,2022-09-29,1
625,576,46,2021-06-21,0
626,708,9,2021-09-25,1
627,979,30,2020-03-18,1
628,527,48,2021-02-28,0
629,618,24,2022-05-04,0
630,23,25,2020-09-27,1
631,573,21,2021-01-19,1
632,445,32,2021-01-26,1
633,500,16,2022-03-05,0
634,379,16,2020-07-12,0
635,255,35,2022-03-22,0
636,356,37,2022-10-09,0
637,463,40,2020-04-27,0
638,723,27,2022-08-02,1
639,812,14,2020-10-17,1
640,229,46,2022-07-11,1
641,248,32,2020-06-22,1
642,730,42,2020-01-28,0
643,788,14,2020-11-24,0
644,653,36,2020-05-17,1
645,263,10,2022-03-27,1
646,501,27,2020-10-26,1
647,305,12,2022-03-23,0
648,904,49,2021-07-08,1
649,503,38,2021-01-05,0
650,679,23,2022-04-16,0
651,144,16,2021-04-12,0
652,100,8,2022-03-16,1
653,89,9,2022-05-15,0
654,557,44,2021-12-19,1
655,911,23,2021-12-26,1
656,503,43,2020-10-30,1
657,215,47,2021-05-11,0
658,890,41,2022-12-14,1
659,622,45,2022-08-08,0
660,600,10,2021-02-20,0
661,179,19,2022-05-08,1
662,371,39,2021-05-30,0
663,132,47,2020-10-29,1
664,316,25,2020-05-08,0
665,231,4,2020-08-06,0
666,732,29,2020-06-24,0
667,8,15,2021-01-18,1
668,413,10,2020-09-30,1
669,6,34,2021-06-24,0
670,195,23,2020-07-20,1
671,67,12,2021-05-24,1
672,404,8,2020-01-22,1
673,368,39,2022-11-29,1
674,560,46,2020-07-18,0
675,280,41,2021-06-12,0
676,400,10,2021-10-02,1
677,322,10,2022-04-04,0
678,35,6,2020-09-15,1
679,25,33,2021-09-12,1
680,369,5,2022-07-03,1
681,381,27,2020-05-30,0
682,556,49,2021-03-06,0
683,122,29,2020-04-02,0
684,87,19,2022-01-30,0
685,322,21,2021-08-10,1
686,857,40,2021-07-15,1
687,336,12,2022-12-06,1
688,768,31,2020-03-25,0
689,890,30,2020-11-30,1
690,605,31,2021-08-11,0
691,614,15,2022-10-14,1
692,551,15,2022-12-07,1
693,470,35,2022-05-26,0
694,795,10,2022-11-19,1
695,381,16,2020-05-31,1
696,605,37,2022-05-21,0
697,161,47,2021-09-28,0
698,25,27,2020-07-15,1
699,332,22,2022-09-29,1
700,450,23,2021-12-20,1
701,906,7,2021-01-10,0
702,397,9,2021-04-08,1
703,223,12,2022-02-22,0
704,507,7,2021-12-19,1
705,866,3,2020-11-12,0
706,2,20,2022-07-08,1
707,443,15,2020-03-01,1
708,943,13,2021-01-23,1
709,64,48,2022-08-12,1
710,371,26,2021-01-16,1
711,277,19,2022-10-14,1
712,873,23,2020-07-13,0
713,351,28,2022-03-29,0
714,659,4,2020-09-30,0
715,543,33,2022-01-12,1
716,400,20,2021-08-19,1
717,764,1,2020-10-05,0
718,41,23,2020-09-13,0
719,497,46,2021-01-12,0
720,41,10,2021-06-21,0
721,955,7,2021-03-23,1
722,419,11,2021-06-14,1
723,186,8,2020-02-12,1
724,896,46,2022-07-21,1
725,179,4,2021-10-30,0
726,220,29,2021-11-17,0
727,808,43,2022-01-14,1
728,176,49,2020-09-06,1
729,468,37,2020-04-28,0
730,434,47,2021-09-15,1
731,253,19,2021-10-22,1
732,863,20,2021-05-07,0
733,259,6,2020-07-14,0
734,702,17,2021-08-19,1
735,334,20,2022-03-25,0
736,822,33,2022-10-28,1
737,465,44,2021-02-10,0
738,880,13,2021-04-07,1
739,106,32,2020-11-26,0
740,654,31,2020-05-27,1
741,667,36,2022-05-13,0
742,187,27,2021-07-23,1
743,484,26,2020-10-16,1
744,761,40,2022-12-06,0
745,36,40,2022-06-06,1
746,600,18,2022-01-15,1
747,137,29,2020-01-26,0
748,826,40,2022-03-27,1
749,222,40,2022-11-29,1
750,186,4,2020-09-13,1
751,876,45,2021-10-15,1
752,306,46,2020-03-13,1
753,772,28,2021-08-29,1
754,871,28,2020-04-03,0
755,944,47,2021-08-26,0
756,159,48,2021-09-06,0
757,494,45,2021-05-26,0
758,625,18,2022-08-02,0
759,882,33,2022-09-07,1
760,163,4,2021-12-19,0
761,717,11,2022-02-24,0
762,833,34,2022-01-28,1
763,832,36,2020-05-30,0
764,890,35,2020-09-20,0
765,982,48,2020-05-20,1
766,947,40,2021-03-07,0
767,673,9,2020-06-08,1
768,280,14,2020-09-23,0
769,236,7,2020-06-06,0
770,795,35,2020-05-21,0
771,73,11,2021-01-17,1
772,377,42,2021-02-19,1
773,489,23,2022-07-01,1
774,823,26,2021-05-03,0
775,693,2,2021-06-01,0
776,352,43,2022-01-31,1
777,208,31,2022-12-09,1
778,984,39,2022-10-16,1
779,72,35,2022-08-08,0
780,336,34,2021-03-30,1
781,176,6,2022-05-20,1
782,401,40,2022-07-10,1
783,156,38,2020-11-16,0
784,566,36,2022-06-05,1
785,253,44,2020-08-03,1
786,499,49,2022-03-12,1
787,882,25,2022-07-16,1
788,63,15,2021-12-16,1
789,926,14,2021-10-19,0
790,698,32,2021-12-30,0
791,448,21,2021-06-28,0
792,187,13,2022-07-14,0
793,751,45,2021-04-24,0
794,921,39,2021-09-29,1
795,632,18,2022-09-07,0
796,589,8,2022-04-01,0
797,580,5,2020-04-13,0
798,560,7,2020-03-05,0
799,100,25,2022-08-15,1
800,545,47,2020-10-09,1
801,186,45,2022-06-10,1
802,989,35,2020-12-27,0
803,551,5,2022-05-29,0
804,160,38,2020-01-28,0
805,323,24,2020-02-06,1
806,108,13,2020-03-25,1
807,695,5,2021-01-29,1
808,174,21,2022-08-25,1
809,158,38,2021-02-18,1
810,692,1,2022-09-28,0
811,983,26,2022-04-25,0
812,734,36,2022-03-03,0
813,935,7,2022-12-19,1
814,768,31,2022-07-11,1
815,594,36,2020-01-15,0
816,806,37,2020-12-30,0
817,581,17,2022-10-04,0
818,742,21,2021-12-15,0
819,349,22,2020-05-10,0
820,293,30,2020-03-30,1
821,211,30,2022-10-21,0
822,326,23,2021-10-21,1
823,13,19,2020-03-04,1
824,531,4,2022-10-05,1
825,387,24,2021-03-05,1
826,215,44,2020-12-05,1
827,785,24,2021-10-14,1
828,805,11,2020-04-08,0
829,200,24,2022-01-22,1
830,61,13,2021-10-04,0
831,656,13,2020-06-02,1
832,519,22,2022-06-29,0
833,184,3,2021-03-13,1
834,965,44,2021-02-17,0
835,307,14,2021-03-30,0
836,911,44,2022-08-26,0
837,367,47,2020-03-20,1
838,959,27,2021-08-15,0
839,844,20,2020-10-21,1
840,539,29,2022-02-05,1
841,180,41,2021-06-11,1
842,192,6,2022-12-25,1
843,907,32,2021-11-05,1
844,161,26,2021-03-30,1
845,480,4,2021-10-13,1
846,800,33,2020-12-03,0
847,834,22,2020-03-07,1
848,753,27,2020-06-14,0
849,729,3,2020-04-14,1
850,99,30,2020-08-26,0
851,626,7,2020-02-22,0
852,392,20,2021-02-14,0
853,890,15,2021-08-29,0
854,138,9,2022-06-29,1
855,868,7,2021-01-31,0
856,982,25,2022-01-23,0
857,605,17,2021-12-09,0
858,284,43,2021-05-29,1
859,508,1,2022-10-25,1
860,636,18,2021-04-02,0
861,839,16,2021-07-28,1
862,222,14,2022-01-13,1
863,967,18,2021-06-09,1
864,106,33,2020-10-09,0
865,747,23,2020-01-02,0
866,556,25,2022-07-19,1
867,667,36,2021-01-17,1
868,424,28,2022-05-08,0
869,755,19,2021-01-02,0
870,977,13,2021-07-16,1
871,786,8,2022-01-06,1
872,883,38,2020-01-28,1
873,262,43,2020-09-01,1
874,291,22,2022-03-26,0
875,913,42,2022-07-19,0
876,360,8,2022-02-13,1
877,508,12,2021-06-21,1
878,673,40,2022-01-24,1
879,387,20,2020-07-26,0
880,563,20,2020-01-27,0
881,102,18,2020-06-30,1
882,529,12,2020-04-07,1
883,681,13,2021-02-15,0
884,613,30,2021-10-05,1
885,563,16,2022-11-10,1
886,335,17,2022-10-27,0
887,125,1,2022-01-22,1
888,293,23,2022-11-19,0
889,922,18,2020-11-06,0
890,464,29,2020-05-28,1
891,571,18,2021-06-24,0
892,66,49,2020-01-27,1
893,539,34,2020-07-07,0
894,934,10,2021-11-09,0
895,256,28,2022-08-01,1
896,504,3,2020-11-17,1
897,894,28,2022-04-04,1
898,709,23,2020-01-23,1
899,776,1,2022-12-05,0
900,407,4,2021-06-06,0
901,609,10,2022-12-21,0
902,709,17,2020-01-27,1
903,10,23,2020-09-19,0
904,925,41,2020-10-05,1
905,350,45,2021-02-17,0
906,208,6,2021-10-20,1
907,450,34,2020-08-21,0
908,626,34,2022-07-26,0
909,385,5,2020-03-04,0
910,985,4,2021-11-13,0
911,363,3,2021-11-16,0
912,741,48,2021-05-16,1
913,313,29,2020-06-11,0
914,398,24,2021-05-15,1
915,776,6,2020-06-02,1
916,96,1,2020-12-27,0
917,545,15,2022-08-01,0
918,867,18,2021-02-22,1
919,37,26,2022-10-30,0
920,479,30,2022-01-08,0
921,168,20,2021-03-07,1
922,525,5,2020-05-02,1
923,439,49,2021-04-01,0
924,679,11,2020-03-30,1
925,929,3,2020-11-25,1
926,268,35,2022-08-11,1
927,294,37,2020-03-23,1
928,693,31,2020-10-09,1
929,766,10,2020-02-10,0
930,717,11,2022-06-13,1
931,702,49,2021-03-26,1
932,111,8,2020-05-24,0
933,415,28,2020-04-12,1
934,370,32,2022-09-25,1
935,679,3,2022-09-26,0
936,643,22,2022-02-27,0
937,804,46,2022-09-21,1
938,605,36,2022-08-21,0
939,32,32,2020-09-04,0
940,561,26,2022-08-27,1
941,111,7,2022-02-13,0
942,37,24,2022-03-16,0
943,274,46,2021-05-01,1
944,283,45,2020-05-14,1
945,403,18,2020-03-31,0
946,195,2,2020-02-18,0
947,176,31,2022-01-28,0
948,748,37,2021-03-05,1
949,935,44,2022-10-23,0
950,331,37,2022-12-17,0
951,841,23,2021-11-17,0
952,76,20,2022-07-02,1
953,960,28,2021-05-03,0
954,552,8,2020-02-15,0
955,663,20,2020-10-13,1
956,926,40,2022-10-11,0
957,177,3,2021-04-02,0
958,617,5,2022-06-10,0
959,259,12,2021-03-19,1
960,666,37,2020-06-09,1
961,643,3,2022-03-18,0
962,633,29,2022-11-18,0
963,337,23,2020-09-23,0
964,215,5,2020-12-25,1
965,307,49,2020-10-03,1
966,297,39,2022-04-13,1
967,23,16,2020-08-12,1
968,611,42,2021-06-02,0
969,857,36,2020-04-24,0
970,100,21,2021-10-02,0
971,430,3,2020-10-15,1
972,896,39,2022-05-16,0
973,338,41,2021-08-24,0
974,504,16,2021-04-28,1
975,633,19,2021-09-07,0
976,530,17,2021-10-26,0
977,321,31,2022-06-07,1
978,323,8,2022-07-07,1
979,917,29,2022-04-17,0
980,179,36,2022-05-17,0
981,606,17,2020-08-25,0
982,184,33,2020-07-19,1
983,962,23,2020-12-09,0
984,948,45,2020-05-28,1
985,167,34,2022-08-13,0
986,525,31,2022-02-01,1
987,945,9,2021-01-05,1
988,176,49,2021-10-09,0
989,564,11,2021-10-28,1
990,109,3,2021-07-02,1
991,634,29,2022-12-24,0
992,469,26,2021-11-29,1
993,607,22,2022-03-19,1
994,753,3,2022-04-17,1
995,524,31,2022-10-08,1
996,797,26,2021-06-03,0
997,339,3,2020-10-26,0
998,45,5,2021-03-29,0
999,549,21,2022-08-23,1
1000,591,27,2022-11-20,1
1001,100,11,2020-11-12,1
1002,88,25,2021-10-03,0
1003,62,12,2020-09-03,1
1004,815,14,2021-02-26,1
1005,506,46,2021-08-11,0
1006,291,19,2021-02-23,0
1007,577,33,2021-06-14,1
1008,251,3,2022-12-29,0
1009,275,18,2022-02-04,0
1010,666,19,2021-07-14,1
1011,122,17,2021-04-23,0
1012,226,27,2020-05-26,0
1013,472,2,2021-03-19,0
1014,843,2,2021-09-07,1
1015,403,1,2021-02-03,1
1016,827,38,2022-02-15,1
1017,602,24,2022-12-20,1
1018,689,7,2021-01-12,1
1019,952,35,2020-04-25,0
1020,891,25,2020-07-12,0
1021,118,48,2021-02-25,0
1022,274,43,2022-09-25,0
1023,715,16,2022-01-17,0
1024,839,5,2021-06-15,0
1025,589,16,2020-05-27,0
1026,693,2,2021-11-27,0
1027,301,40,2021-10-16,0
1028,225,5,2022-01-30,0
1029,386,1,2022-10-02,0
1030,326,18,2021-04-08,1
1031,654,19,2021-04-18,1
1032,827,12,2020-06-10,0
1033,472,30,2021-02-07,0
1034,999,42,2020-07-14,1
1035,137,43,2020-02-06,1
1036,300,13,2020-08-29,0
1037,623,34,2020-09-28,0
1038,824,2,2020-08-13,1
1039,311,15,2022-04-12,0
1040,461,41,2021-09-07,1
1041,58,23,2021-04-26,1
1042,859,29,2021-08-30,0
1043,997,16,2021-05-18,1
1044,955,38,2021-04-04,0
1045,970,24,2020-10-26,0
1046,959,42,2021-11-10,0
1047,851,16,2020-11-09,0
1048,925,8,2021-08-29,0
1049,271,13,2021-05-03,0
1050,392,3,2020-09-13,1
1051,609,33,2022-12-12,0
1052,850,37,2022-10-23,1
1053,801,1,2020-10-02,0
1054,482,9,2021-12-24,0
1055,680,45,2021-06-08,0
1056,289,21,2022-12-16,1
1057,886,34,2020-12-16,1
1058,381,48,2020-01-30,1
1059,459,3,2021-01-23,0
1060,904,19,2021-03-05,1
1061,941,16,2022-04-08,1
1062,770,12,2022-05-22,1
1063,287,17,2020-07-21,1
1064,214,46,2022-03-17,0
1065,229,30,2021-02-07,1
1066,259,18,2020-09-18,1
1067,245,3,2021-10-08,1
1068,9,32,2022-09-30,1
1069,349,41,2021-11-25,0
1070,908,18,2022-05-12,0
1071,46,11,2020-09-08,1
1072,12,40,2021-07-26,0
1073,442,30,2020-12-09,1
1074,24,26,2021-06-28,0
1075,401,47,2022-10-24,0
1076,528,28,2021-02-28,1
1077,500,28,2022-07-12,1
1078,630,27,2022-04-03,0
1079,794,27,2020-03-16,1
1080,821,33,2022-10-08,0
1081,643,8,2020-05-03,1
1082,63,35,2021-01-15,1
1083,332,29,2020-04-10,0
1084,139,2,2020-08-02,1
1085,992,20,2021-02-04,0
1086,328,45,2021-05-01,0
1087,391,33,2020-05-25,0
1088,667,49,2021-12-05,0
1089,616,24,2020-06-16,0
1090,2,24,2021-12-23,0
1091,715,15,2022-11-10,1
1092,533,47,2021-11-04,0
1093,991,40,2020-11-26,1
1094,987,17,2021-09-09,0
1095,853,3,2021-10-07,1
1096,894,16,2021-07-12,0
1097,901,24,2021-03-12,1
1098,78,46,2020-04-27,0
1099,848,36,2021-06-11,0
1100,581,21,2021-06-17,1
1101,648,40,2021-09-15,1
1102,183,19,2021-03-14,0
1103,955,15,2022-04-28,1
1104,700,44,2020-09-03,0
1105,223,39,2020-08-03,0
1106,135,24,2022-06-07,0
1107,549,31,2020-09-08,0
1108,152,33,2021-02-07,1
1109,762,24,2020-06-17,0
1110,745,37,2022-12-14,1
1111,977,15,2020-03-16,0
1112,124,14,2021-04-28,1
1113,545,28,2022-11-28,1
1114,88,46,2021-05-25,1
1115,973,44,2020-04-07,1
1116,156,39,2022-10-31,0
1117,190,9,2021-08-04,0
1118,633,8,2022-06-22,0
1119,498,6,2021-03-01,1
1120,944,37,2021-10-18,1
1121,591,33,2020-05-16,1
1122,192,31,2020-12-17,0
1123,162,31,2021-04-27,0
1124,469,21,2021-11-08,1
1125,492,10,2021-08-07,1
1126,244,32,2021-12-07,0
1127,348,32,2022-06-09,0
1128,167,38,2022-07-29,1
1129,313,29,2022-01-24,1
1130,829,32,2022-03-21,0
1131,299,10,2020-08-31,0
1132,934,10,2022-10-11,1
1133,482,1,2021-06-20,0
1134,395,13,2020-02-13,0
1135,51,43,2021-12-20,1
1136,918,45,2020-04-23,1
1137,118,41,2020-03-15,1
1138,891,21,2022-01-21,1
1139,806,42,2021-12-15,1
1140,943,13,2021-03-30,1
1141,32,32,2020-05-27,1
1142,154,42,2020-01-18,0
1143,213,33,2021-05-30,0
1144,587,30,2022-04-19,0
1145,36,29,2020-01-31,1
1146,752,14,2021-02-01,1
1147,506,39,2020-10-01,1
1148,769,43,2022-05-15,1
1149,499,16,2022-11-28,1
1150,347,16,2020-11-11,0
1151,598,28,2021-05-03,1
1152,607,42,2020-11-16,0
1153,884,13,2022-05-04,1
1154,419,36,2021-06-03,1
1155,296,28,2022-06-21,1
1156,89,1,2021-12-12,0
1157,263,3,2022-09-11,1
1158,595,25,2021-07-16,0
1159,549,29,2021-01-15,0
1160,293,1,2022-11-14,1
1161,604,8,2022-11-03,0
1162,514,37,2020-07-25,1
1163,718,32,2020-12-28,1
1164,261,27,2022-07-06,0
1165,848,38,2020-02-15,0
1166,700,36,2021-11-13,1
1167,746,6,2020-03-01,1
1168,249,14,2020-07-23,0
1169,104,45,2021-08-13,0
1170,304,34,2021-06-22,1
1171,363,28,2020-01-08,1
1172,835,35,2020-01-26,0
1173,323,46,2022-03-13,1
1174,196,29,2020-07-10,1
1175,188,45,2021-01-02,1
1176,353,2,2020-08-05,0
1177,220,3,2021-01-05,1
1178,948,19,2020-11-28,1
1179,802,44,2022-05-07,1
1180,26,20,2021-09-08,0
1181,172,29,2020-09-30,0
1182,232,19,2021-03-29,0
1183,161,49,2020-10-27,0
1184,411,10,2021-07-06,0
1185,281,39,2022-09-08,1
1186,129,48,2021-03-28,0
1187,303,16,2021-05-12,1
1188,331,45,2022-05-17,0
1189,902,19,2020-12-24,0
1190,412,44,2020-09-24,1
1191,450,1,2021-04-22,0
1192,359,38,2021-03-06,0
1193,832,12,2021-01-23,1
1194,440,26,2022-09-22,0
1195,568,15,2021-07-09,1
1196,316,14,2021-01-11,1
1197,10,3,2020-04-02,0
1198,582,26,2022-06-05,0
1199,317,37,2021-01-03,1
1200,55,5,2020-06-30,1
1201,458,44,2020-07-07,0
1202,491,20,2022-07-04,1
1203,797,2,2021-08-30,0
1204,956,7,2020-12-01,0
1205,680,3,2021-04-17,1
1206,697,45,2020-11-28,1
1207,414,33,2021-06-09,1
1208,187,46,2022-03-21,0
1209,140,47,2021-10-07,0
1210,415,21,2020-11-24,1
1211,633,7,2021-11-15,1
1212,748,46,2021-07-07,1
1213,703,21,2022-02-06,0
1214,309,13,2021-10-05,1
1215,344,3,2021-09-03,0
1216,359,8,2020-07-24,1
1217,934,46,2021-06-06,1
1218,117,38,2020-06-09,0
1219,103,4,2022-11-23,0
1220,56,21,2020-04-19,1
1221,389,37,2021-08-27,0
1222,672,7,2021-12-19,0
1223,17,49,2021-04-06,0
1224,666,14,2022-07-19,0
1225,636,32,2021-04-04,0
1226,171,10,2020-09-11,0
1227,22,39,2022-05-26,1
1228,729,45,2020-06-11,1
1229,732,41,2022-08-28,0
1230,750,46,2022-06-17,0
1231,601,49,2021-03-03,0
1232,577,31,2022-02-12,0
1233,921,39,2020-11-22,1
1234,157,45,2020-11-09,1
1235,866,36,2020-02-13,0
1236,808,16,2022-10-18,0
1237,309,48,2020-07-24,1
1238,213,23,2022-01-01,0
1239,952,27,2020-07-27,0
1240,191,16,2020-01-17,0
1241,339,42,2021-06-05,1
1242,951,23,2021-04-03,0
1243,455,30,2022-11-23,0
1244,252,49,2021-12-24,0
1245,909,23,2021-03-13,1
1246,156,9,2020-08-28,0
1247,915,46,2022-10-24,0
1248,401,7,2022-01-15,0
1249,211,1,2021-01-09,1
1250,48,36,2020-03-20,1
1251,174,31,2020-01-11,0
1252,438,24,2020-10-31,0
1253,434,7,2020-02-01,1
1254,70,21,2022-07-21,0
1255,562,46,2022-10-11,0
1256,124,26,2021-09-19,0
1257,540,1,2021-03-15,0
1258,220,49,2020-05-24,1
1259,351,41,2022-03-12,0
1260,409,41,2022-07-20,0
1261,549,28,2020-06-12,1
1262,284,15,2021-09-07,1
1263,745,25,2022-04-03,1
1264,145,8,2022-11-06,0
1265,885,7,2020-05-19,1
1266,340,11,2022-08-28,1
1267,509,27,2020-08-18,0
1268,63,40,2022-09-30,0
1269,1,39,2020-11-24,1
1270,465,32,2022-10-06,0
1271,286,27,2021-01-11,0
1272,745,9,2022-12-10,1
1273,707,27,2022-10-14,0
1274,120,47,2022-09-28,0
1275,525,3,2022-01-28,1
1276,233,7,2021-02-22,1
1277,38,3,2022-12-13,1
1278,910,36,2021-07-02,1
1279,387,6,2022-03-07,1
1280,470,20,2020-01-28,1
1281,666,32,2021-12-08,1
1282,473,42,2022-09-10,0
1283,476,35,2022-04-29,0
1284,336,2,2021-01-13,0
1285,890,41,2022-06-22,1
1286,75,43,2021-03-29,0
1287,966,15,2020-11-01,1
1288,85,7,2020-03-24,1
1289,157,24,2021-09-17,0
1290,465,16,2020-11-24,0
1291,387,25,2021-08-21,1
1292,748,24,2022-07-11,0
1293,177,5,2022-06-18,1
1294,46,1,2021-12-31,1
1295,75,11,2021-09-17,0
1296,228,23,2020-02-02,0
1297,897,48,2021-04-17,0
1298,420,40,2020-09-14,1
1299,725,27,2020-12-29,0
1300,532,10,2021-05-25,1
1301,802,13,2022-03-04,0
1302,989,19,2020-09-01,1
1303,605,35,2020-02-07,0
1304,961,10,2022-09-27,0
1305,904,34,2020-06-20,0
1306,151,40,2020-06-06,0
1307,41,8,2022-12-19,0
1308,276,38,2021-07-11,0
1309,230,38,2021-07-18,1
1310,842,8,2021-09-20,1
1311,540,41,2022-12-15,0
1312,324,5,2021-12-10,0
1313,674,10,2021-04-17,1
1314,914,6,2020-02-25,1
1315,123,18,2021-10-28,1
1316,704,13,2022-08-11,1
1317,951,40,2022-03-04,1
1318,801,40,2022-04-04,0
1319,166,29,2021-03-20,0
1320,562,35,2020-10-03,1
1321,314,12,2022-11-10,0
1322,599,34,2021-09-24,0
1323,806,26,2020-04-11,1
1324,922,5,2021-07-09,0
1325,122,38,2020-03-15,1
1326,699,23,2020-06-26,0
1327,480,35,2022-09-29,1
1328,177,13,2022-12-12,1
1329,747,9,2020-05-04,0
1330,469,35,2021-08-20,1
1331,450,9,2021-03-16,0
1332,213,45,2020-10-20,0
1333,75,4,2022-09-01,1
1334,148,8,2022-04-18,1
1335,869,33,2021-02-16,0
1336,360,43,2022-07-12,1
1337,284,48,2020-09-02,0
1338,407,9,2020-11-24,0
1339,14,43,2020-05-24,0
1340,331,10,2022-07-29,1
1341,804,34,2022-02-20,1
1342,316,19,2022-09-26,0
1343,301,45,2020-01-02,0
1344,509,12,2022-10-24,0
1345,299,20,2021-05-29,0
1346,767,48,2022-07-29,1
1347,781,13,2021-01-30,0
1348,31,27,2021-08-19,0
1349,393,17,2022-02-06,0
1350,568,6,2022-07-01,1
1351,583,44,2021-12-30,0
1352,435,24,2021-03-26,1
1353,64,40,2021-06-07,1
1354,297,22,2022-05-10,0
1355,27,16,2020-12-15,0
1356,437,43,2022-07-01,0
1357,197,30,2021-09-28,1
1358,950,22,2021-09-09,0
1359,903,12,2022-12-03,1
1360,900,18,2020-05-07,1
1361,407,27,2021-01-31,1
1362,818,30,2020-09-14,1
1363,626,34,2021-05-04,1
1364,300,6,2022-11-29,1
1365,607,44,2022-10-25,1
1366,256,24,2021-09-02,1
1367,866,29,2020-06-28,0
1368,67,1,2020-03-08,1
1369,990,39,2021-02-02,1
1370,932,30,2020-03-19,0
1371,755,23,2021-05-17,0
1372,130,9,2020-07-05,1
1373,843,17,2020-02-10,1
1374,620,16,2020-03-11,1
1375,288,48,2020-08-25,1
1376,640,46,2021-06-05,1
1377,775,25,2022-04-15,1
1378,989,31,2020-04-13,1
1379,536,8,2021-11-17,0
1380,290,35,2021-02-06,1
1381,919,22,2022-08-05,0
1382,214,47,2022-10-31,1
1383,545,34,2021-07-30,1
1384,804,32,2021-08-25,0
1385,503,26,2020-08-09,1
1386,288,21,2020-08-01,1
1387,505,27,2020-08-06,0
1388,976,8,2021-02-07,0
1389,164,34,2021-05-06,0
1390,986,43,2020-04-21,0
1391,57,13,2020-01-12,0
1392,975,5,2021-10-11,1
1393,402,33,2020-04-17,0
1394,58,7,2022-03-21,1
1395,554,48,2020-01-11,1
1396,220,23,2021-11-13,1
1397,659,28,2021-12-30,1
1398,673,49,2021-03-25,1
1399,840,14,2020-02-12,0
1400,869,33,2020-11-11,1
1401,498,39,2022-03-01,1
1402,831,33,2020-07-05,1
1403,502,10,2020-05-26,0
1404,298,14,2020-03-22,0
1405,873,16,2021-12-04,1
1406,517,5,2021-10-12,0
1407,360,43,2022-05-01,1
1408,498,41,2022-12-22,0
1409,415,25,2020-05-18,0
1410,554,22,2022-07-31,1
1411,711,31,2021-03-15,0
1412,447,9,2020-03-04,0
1413,628,32,2021-11-17,1
1414,465,5,2022-07-31,0
1415,890,49,2020-04-11,0
1416,348,26,2021-12-11,0
1417,10,19,2021-11-14,1
1418,239,15,2021-11-05,1
1419,590,37,2020-01-13,0
1420,184,48,2020-11-10,1
1421,102,13,2020-08-21,0
1422,605,24,2022-11-16,0
1423,741,48,2022-01-12,0
1424,864,49,2020-03-27,0
1425,261,46,2020-04-13,0
1426,627,36,2022-06-20,0
1427,597,5,2020-08-10,1
1428,167,2,2020-07-09,0
1429,292,44,2020-09-16,1
1430,716,25,2021-08-17,0
1431,251,1,2021-10-17,1
1432,83,40,2021-07-25,0
1433,833,33,2021-03-03,1
1434,166,36,2022-10-08,0
1435,359,13,2022-08-12,1
1436,739,19,2022-07-21,0
1437,874,12,2021-05-29,0
1438,181,38,2021-10-19,0
1439,307,1,2021-03-26,0
1440,559,17,2021-06-02,1
1441,866,31,2022-06-16,0
1442,275,30,2021-11-28,1
1443,995,23,2020-04-01,0
1444,254,11,2022-11-10,0
1445,83,2,2021-12-26,0
1446,462,44,2021-10-13,1
1447,93,9,2021-12-19,0
1448,964,18,2021-01-12,0
1449,207,36,2020-10-13,1
1450,830,40,2022-08-05,0
1451,140,17,2020-11-06,0
1452,738,29,2021-05-12,0
1453,726,47,2020-02-10,1
1454,813,1,2022-10-19,1
1455,768,10,2022-07-19,0
1456,309,12,2020-11-23,1
1457,638,36,2022-02-17,0
1458,359,21,2020-06-04,0
1459,113,6,2022-08-08,1
1460,177,10,2021-08-01,0
1461,709,42,2022-02-07,1
1462,886,39,2022-05-26,1
1463,772,45,2021-01-03,1
1464,58,7,2022-01-21,0
1465,187,24,2020-07-18,0
1466,49,14,2021-01-02,0
1467,782,44,2021-04-28,1
1468,1000,33,2020-01-16,1
1469,874,43,2020-02-05,0
1470,672,20,2021-05-30,1
1471,849,40,2020-01-28,1
1472,83,6,2022-10-23,1
1473,122,48,2022-03-21,1
1474,384,49,2022-06-10,0
1475,242,5,2020-11-27,0
1476,13,18,2021-02-27,0
1477,508,12,2020-03-26,1
1478,292,7,2021-05-11,1
1479,386,11,2020-11-17,0
1480,377,47,2020-03-10,1
1481,450,18,2020-07-14,0
1482,183,27,2021-03-03,0
1483,203,47,2022-02-07,1
1484,329,39,2022-11-23,1
1485,31,24,2022-12-28,0
1486,51,31,2020-05-06,0
1487,624,28,2022-03-01,0
1488,962,6,2020-11-27,1
1489,342,11,2022-09-12,0
1490,430,18,2021-06-15,0
1491,603,4,2020-03-18,1
1492,407,36,2020-10-27,1
1493,500,14,2020-02-23,0
1494,469,18,2021-05-09,1
1495,915,1,2021-01-07,0
1496,845,37,2022-12-21,0
1497,188,15,2022-03-09,0
1498,419,49,2022-06-19,1
1499,89,43,2022-05-07,1
1500,14,7,2021-03-30,1
1501,630,33,2021-09-22,0
1502,920,48,2020-01-25,0
1503,500,17,2020-11-07,0
1504,111,47,2021-04-06,0
1505,966,40,2022-04-28,1
1506,908,20,2021-03-11,1
1507,813,31,2021-08-05,1
1508,274,33,2020-01-15,0
1509,671,38,2020-06-29,1
1510,119,3,2022-03-23,0
1511,856,20,2022-10-20,1
1512,713,24,2020-07-08,1
1513,747,37,2020-12-10,1
1514,705,28,2022-10-06,1
1515,959,31,2022-09-18,0
1516,522,16,2022-12-24,1
1517,602,11,2022-07-22,1
1518,894,47,2021-09-29,1
1519,721,35,2020-06-19,1
1520,402,10,2022-10-17,1
1521,650,14,2021-10-20,1
1522,88,31,2021-11-07,0
1523,104,33,2022-06-08,1
1524,816,30,2022-04-14,0
1525,906,46,2021-11-06,1
1526,963,32,2021-09-13,0
1527,158,41,2022-10-02,1
1528,549,41,2022-02-04,0
1529,586,38,2020-11-26,1
1530,971,44,2022-03-30,1
1531,771,16,2020-02-21,0
1532,722,4,2021-06-24,1
1533,520,7,2020-04-19,0
1534,993,31,2020-01-25,0
1535,340,35,2022-04-10,0
1536,301,7,2022-02-06,1
1537,205,47,2020-11-30,1
1538,933,10,2020-10-01,0
1539,870,14,2020-01-07,0
1540,346,48,2020-11-26,0
1541,134,43,2021-04-06,0
1542,603,4,2020-02-14,1
1543,894,48,2022-01-03,0
1544,751,25,2020-01-31,1
1545,330,10,2022-02-16,1
1546,752,22,2020-04-24,1
1547,802,9,2021-03-22,0
1548,103,20,2022-07-03,1
1549,377,49,2021-11-25,1
1550,105,35,2020-01-30,1
1551,859,7,2021-04-24,0
1552,31,14,2020-04-29,1
1553,955,2,2022-05-20,1
1554,390,49,2020-11-21,0
1555,997,32,2020-06-08,0
1556,331,9,2021-02-17,0
1557,939,3,2022-04-20,1
1558,808,11,2021-01-25,1
1559,12,43,2022-06-01,0
1560,476,10,2022-05-15,0
1561,737,14,2020-10-06,0
1562,458,24,2022-08-27,0
1563,614,32,2020-04-24,0
1564,435,16,2021-07-25,0
1565,225,7,2022-03-07,0
1566,976,21,2022-04-30,0
1567,926,15,2020-09-25,0
1568,704,6,2020-06-04,0
1569,342,29,2021-03-22,0
1570,822,47,2022-05-30,1
1571,249,40,2022-08-03,0
1572,382,7,2022-04-25,1
1573,172,12,2020-10-23,0
1574,464,7,2020-09-02,0
1575,607,45,2020-11-24,1
1576,912,10,2020-04-19,0
1577,218,44,2020-07-30,0
1578,962,42,2022-01-21,1
1579,2,3,2021-05-25,0
1580,333,4,2020-11-27,1
1581,145,48,2022-07-13,1
1582,875,29,2020-11-05,1
1583,753,32,2022-07-05,0
1584,227,17,2022-05-05,0
1585,675,3,2022-02-17,1
1586,946,35,2022-02-09,1
1587,701,11,2021-08-12,1
1588,640,1,2020-06-06,1
1589,874,34,2022-11-27,0
1590,559,8,2021-10-14,0
1591,35,5,2020-04-27,1
1592,644,30,2020-01-10,0
1593,873,14,2021-02-26,1
1594,627,11,2021-09-10,1
1595,145,20,2021-10-19,1
1596,912,36,2022-08-15,0
1597,360,35,2020-08-06,1
1598,229,6,2020-03-08,1
1599,484,4,2021-12-05,1
1600,901,5,2021-12-26,0
1601,684,40,2021-09-28,0
1602,554,25,2021-05-03,1
1603,126,23,2022-08-29,1
1604,420,5,2021-11-24,1
1605,677,22,2022-12-02,1
1606,640,20,2020-12-15,1
1607,623,46,2021-12-01,1
1608,800,17,2021-03-15,0
1609,204,8,2022-04-25,0
1610,749,47,2021-05-03,1
1611,295,5,2022-10-20,1
1612,117,21,2022-10-01,0
1613,414,7,2022-08-28,1
1614,619,35,2020-08-07,1
1615,547,43,2020-08-04,0
1616,650,41,2020-03-03,0
1617,798,33,2022-03-12,1
1618,318,7,2022-12-28,1
1619,265,43,2022-11-19,1
1620,915,48,2021-07-16,1
1621,507,44,2022-04-01,1
1622,38,32,2021-07-15,0
1623,307,48,2022-10-21,1
1624,4,23,2020-12-04,0
1625,89,29,2021-02-12,0
1626,195,13,2022-12-12,0
1627,807,18,2022-09-15,0
1628,862,20,2022-03-02,1
1629,364,7,2022-08-07,1
1630,253,46,2021-01-30,0
1631,612,3,2020-03-29,0
1632,335,34,2022-09-26,1
1633,543,1,2020-04-06,1
1634,240,25,2021-03-23,1
1635,785,19,2022-09-07,1
1636,549,43,2020-01-05,0
1637,377,42,2021-10-22,0
1638,205,25,2020-01-24,0
1639,43,4,2021-09-03,1
1640,517,49,2021-07-09,1
1641,593,38,2021-08-20,0
1642,805,44,2021-11-27,0
1643,966,42,2022-09-29,1
1644,999,3,2021-01-08,1
1645,103,31,2020-04-05,1
1646,670,23,2021-08-18,1
1647,708,29,2020-09-02,0
1648,842,33,2022-01-09,0
1649,250,40,2022-10-20,0
1650,480,20,2021-09-30,1
1651,865,21,2023-01-01,1
1652,813,3,2020-11-09,1
1653,632,12,2022-07-22,0
1654,462,28,2021-07-24,0
1655,96,5,2021-05-20,1
1656,429,36,2022-10-26,0
1657,901,7,2020-05-13,1
1658,498,12,2020-08-03,0
1659,483,16,2022-07-28,0
1660,379,11,2020-10-08,1
1661,410,22,2020-10-15,1
1662,86,34,2020-06-29,1
1663,352,19,2021-09-22,1
1664,79,18,2022-02-15,1
1665,711,43,2021-02-01,0
1666,904,27,2022-05-31,1
1667,617,35,2022-05-16,1
1668,774,29,2020-04-03,1
1669,187,12,2021-11-27,0
1670,461,7,2020-07-25,1
1671,166,27,2020-04-15,0
1672,40,6,2020-04-06,0
1673,200,43,2021-08-05,0
1674,98,23,2021-09-03,1
1675,405,9,2020-10-27,0
1676,141,41,2020-07-31,0
1677,612,29,2020-01-28,1
1678,422,31,2022-05-14,1
1679,670,9,2021-10-02,0
1680,219,24,2020-11-20,1
1681,459,16,2021-03-04,1
1682,492,38,2021-07-16,1
1683,993,35,2022-06-28,0
1684,732,41,2021-02-02,1
1685,813,4,2022-11-08,1
1686,613,43,2021-09-18,1
1687,489,5,2021-08-25,0
1688,774,4,2022-10-18,0
1689,255,22,2021-12-25,1
1690,993,2,2022-03-24,0
1691,469,15,2022-01-16,0
1692,902,7,2020-10-31,0
1693,39,6,2022-05-15,1
1694,21,11,2022-10-19,0
1695,904,17,2020-05-06,1
1696,516,15,2022-02-10,1
1697,657,14,2020-08-11,1
1698,346,3,2021-09-05,0
1699,682,33,2022-11-20,1
1700,905,22,2022-04-26,1
1701,585,43,2021-01-30,1
1702,352,33,2020-12-10,1
1703,220,15,2020-10-06,1
1704,817,4,2022-09-28,1
1705,783,46,2022-06-23,1
1706,714,31,2020-07-28,1
1707,203,45,2020-03-12,0
1708,652,9,2020-05-03,1
1709,960,43,2022-01-06,1
1710,495,22,2020-03-12,1
1711,30,10,2022-05-21,1
1712,559,28,2022-04-03,1
1713,211,14,2022-05-01,1
1714,44,29,2021-01-25,1
1715,46,36,2021-11-15,1
1716,740,37,2022-09-27,1
1717,337,36,2020-04-24,1
1718,588,7,2020-10-06,1
1719,733,47,2021-03-15,1
1720,477,44,2020-01-06,0
1721,761,46,2020-06-15,1
1722,789,17,2020-06-30,1
1723,987,6,2020-09-27,0
1724,212,44,2020-09-05,0
1725,420,4,2020-03-03,0
1726,775,8,2022-07-31,0
1727,672,33,2021-04-07,0
1728,244,2,2021-11-21,1
1729,564,22,2021-09-03,1
1730,627,37,2022-07-09,1
1731,901,8,2022-02-04,0
1732,174,13,2022-09-22,1
1733,281,47,2020-01-22,1
1734,332,36,2022-04-28,1
1735,104,12,2020-04-30,1
1736,678,19,2022-01-20,1
1737,824,12,2022-09-06,0
1738,677,21,2020-02-13,1
1739,374,34,2022-09-11,1
1740,431,12,2022-03-31,0
1741,83,15,2020-07-07,0
1742,788,7,2022-03-13,0
1743,179,41,2020-09-06,0
1744,643,20,2020-09-06,0
1745,732,38,2022-10-04,1
1746,406,45,2020-04-26,1
1747,380,26,2022-06-06,0
1748,890,7,2021-08-24,1
1749,553,18,2021-10-08,0
1750,648,41,2021-07-20,0
1751,173,39,2022-01-01,1
1752,71,27,2021-09-27,1
1753,333,3,2020-10-21,0
1754,596,3,2020-04-26,0
1755,153,45,2022-12-08,1
1756,981,25,2021-03-22,0
1757,5,29,2022-09-29,0
1758,796,8,2020-10-22,1
1759,131,10,2021-06-22,0
1760,701,30,2022-12-30,1
1761,445,19,2022-10-11,0
1762,556,11,2021-08-05,0
1763,862,46,2022-04-19,1
1764,972,41,2020-11-24,1
1765,691,9,2020-05-02,1
1766,922,2,2020-02-08,0
1767,844,49,2022-07-01,0
1768,507,8,2020-07-08,0
1769,673,25,2021-05-30,1
1770,793,33,2021-06-28,0
1771,685,18,2022-11-07,1
1772,185,46,2020-02-06,0
1773,203,13,2022-02-27,0
1774,919,41,2022-08-23,0
1775,197,2,2022-10-03,1
1776,329,40,2020-04-16,0
1777,251,24,2021-05-01,0
1778,62,41,2021-01-01,1
1779,39,42,2022-02-04,1
1780,532,1,2021-08-19,0
1781,392,45,2022-02-13,1
1782,988,34,2020-08-15,0
1783,611,8,2021-08-31,0
1784,455,39,2020-03-01,1
1785,962,16,2020-02-02,0
1786,204,26,2021-04-04,1
1787,498,11,2020-06-01,0
1788,957,37,2021-01-22,1
1789,891,10,2020-02-25,0
1790,739,10,2020-04-21,0
1791,211,45,2022-08-05,1
1792,691,10,2020-04-13,1
1793,241,35,2020-05-03,0
1794,249,25,2021-09-19,0
1795,621,7,2020-04-14,0
1796,429,2,2021-07-22,1
1797,363,15,2021-06-21,0
1798,551,1,2020-12-26,1
1799,317,47,2020-01-15,0
1800,310,26,2021-11-12,0
1801,476,32,2021-07-29,0
1802,447,46,2021-02-17,1
1803,167,22,2022-07-21,0
1804,143,31,2022-11-30,1
1805,61,30,2020-04-03,0
1806,147,8,2020-07-28,1
1807,652,29,2020-04-08,1
1808,250,28,2021-06-14,1
1809,388,21,2021-11-19,0
1810,12,21,2020-01-28,0
1811,880,44,2021-10-18,1
1812,509,32,2021-04-16,1
1813,989,41,2021-05-08,1
1814,932,45,2021-01-14,1
1815,848,8,2022-01-21,0
1816,976,1,2022-11-16,0
1817,110,49,2021-12-20,1
1818,375,22,2021-11-06,1
1819,394,36,2022-08-16,1
1820,629,45,2021-03-01,0
1821,304,7,2021-09-23,0
1822,834,14,2020-05-21,0
1823,606,25,2020-01-02,1
1824,182,24,2020-12-19,1
1825,959,19,2020-03-22,0
1826,271,27,2021-09-24,0
1827,19,29,2023-01-01,1
1828,865,15,2021-10-18,1
1829,549,40,2021-09-11,1
1830,8,11,2021-02-10,1
1831,98,14,2021-04-17,1
1832,740,36,2022-10-04,0
1833,843,1,2022-12-21,1
1834,549,44,2020-05-09,0
1835,685,43,2021-11-13,0
1836,96,33,2022-06-16,1
1837,295,27,2022-10-12,0
1838,457,11,2022-05-25,0
1839,629,31,2022-07-03,1
1840,225,20,2020-12-26,0
1841,280,11,2020-04-28,0
1842,571,7,2020-08-14,1
1843,810,32,2020-07-04,0
1844,107,5,2022-03-01,0
1845,617,27,2022-09-17,1
1846,400,28,2020-02-01,0
1847,920,31,2020-10-18,1
1848,226,11,2020-12-15,0
1849,699,3,2022-11-22,1
1850,920,23,2020-05-07,1
1851,967,1,2022-10-18,1
1852,511,17,2022-01-19,1
1853,736,21,2020-08-15,1
1854,326,36,2022-01-05,0
1855,330,21,2022-02-21,0
1856,624,7,2020-03-03,0
1857,927,42,2021-10-06,0
1858,132,23,2022-04-07,0
1859,82,39,2022-01-02,1
1860,357,27,2020-03-21,0
1861,525,16,2022-02-01,1
1862,531,10,2020-08-16,0
1863,93,2,2021-10-19,0
1864,17,39,2022-03-01,0
1865,101,11,2021-11-01,0
1866,312,25,2020-01-14,1
1867,302,25,2021-02-25,0
1868,222,26,2020-05-21,1
1869,493,8,2021-08-27,1
1870,940,21,2020-04-18,1
1871,47,22,2021-05-17,1
1872,427,41,2021-04-15,1
1873,30,27,2020-06-08,1
1874,648,32,2022-02-21,1
1875,931,7,2022-05-17,0
1876,314,21,2021-07-05,0
1877,335,49,2020-06-17,0
1878,172,9,2022-08-16,0
1879,517,49,2021-05-04,1
1880,625,18,2021-07-13,1
1881,404,45,2021-06-03,0
1882,124,23,2020-05-09,1
1883,100,43,2020-11-18,1
1884,243,1,2021-07-12,1
1885,314,32,2020-07-16,0
1886,280,29,2022-02-03,1
1887,797,30,2020-05-07,0
1888,872,3,2021-06-23,1
1889,800,19,2022-06-18,1
1890,721,6,2020-06-16,1
1891,738,32,2020-11-29,1
1892,228,34,2022-07-26,0
1893,773,15,2020-01-02,1
1894,180,36,2021-12-30,0
1895,393,4,2022-09-22,0
1896,636,11,2021-02-18,0
1897,140,38,2022-11-17,0
1898,919,41,2020-03-19,1
1899,853,45,2022-09-07,0
1900,378,35,2022-12-01,0
1901,713,42,2021-01-25,0
1902,905,29,2020-07-17,0
1903,36,9,2022-01-29,1
1904,774,38,2021-02-27,1
1905,398,49,2022-07-30,1
1906,105,38,2021-10-13,1
1907,288,40,2021-11-25,0
1908,470,35,2022-11-08,0
1909,968,48,2020-10-27,0
1910,21,34,2020-02-03,0
1911,148,24,2021-05-15,0
1912,662,45,2020-03-28,1
1913,458,5,2021-12-11,1
1914,206,17,2022-12-03,0
1915,391,32,2021-08-23,1
1916,62,48,2022-09-06,1
1917,138,2,2021-02-24,1
1918,684,30,2020-02-06,1
1919,825,12,2022-09-14,1
1920,1000,1,2020-01-04,0
1921,613,23,2020-03-30,1
1922,162,15,2022-04-23,1
1923,906,4,2021-05-29,1
1924,631,10,2022-11-15,0
1925,994,3,2021-03-31,0
1926,535,10,2021-06-20,0
1927,844,42,2022-11-07,0
1928,496,5,2022-04-18,1
1929,403,40,2022-07-01,0
1930,481,20,2020-08-20,1
1931,432,13,2021-02-04,1
1932,528,9,2020-07-22,0
1933,219,42,2020-08-19,0
1934,666,10,2020-08-09,0
1935,718,8,2022-09-29,1
1936,296,38,2020-03-05,0
1937,350,34,2021-01-21,1
1938,668,11,2022-10-22,0
1939,481,29,2022-06-18,1
1940,658,17,2020-09-11,0
1941,765,25,2022-11-08,1
1942,403,15,2022-06-05,1
1943,288,14,2022-01-12,0
1944,891,41,2022-06-22,1
1945,130,39,2020-01-20,0
1946,860,27,2021-03-07,0
1947,628,6,2022-11-22,1
1948,254,43,2022-11-24,1
1949,310,11,2022-05-19,1
1950,347,29,2020-07-14,0
1951,14,38,2021-11-13,1
1952,374,35,2021-12-03,0
1953,46,22,2022-06-29,0
1954,85,20,2021-10-10,1
1955,613,2,2020-06-18,0
1956,504,33,2021-12-04,1
1957,508,14,2020-06-12,1
1958,367,39,2020-03-17,1
1959,620,3,2020-02-16,1
1960,211,30,2021-12-02,1
1961,778,26,2022-01-16,0
1962,313,31,2020-06-02,1
1963,267,18,2020-08-09,1
1964,621,20,2021-08-01,1
1965,495,3,2022-06-22,0
1966,992,39,2020-11-04,0
1967,860,5,2021-02-19,1
1968,415,49,2021-07-18,0
1969,756,48,2021-09-05,1
1970,564,45,2020-05-15,1
1971,677,26,2022-07-23,0
1972,570,24,2022-01-04,1
1973,135,34,2022-08-27,1
1974,260,41,2020-03-15,0
1975,900,39,2020-08-04,0
1976,292,36,2021-04-03,1
1977,280,14,2022-09-13,1
1978,163,34,2022-03-07,1
1979,515,45,2020-02-24,0
1980,424,20,2022-07-18,0
1981,199,49,2020-12-10,0
1982,493,41,2020-02-09,0
1983,971,36,2021-01-01,1
1984,796,21,2021-03-16,0
1985,44,21,2020-07-19,1
1986,898,32,2020-08-31,0
1987,718,28,2020-06-09,0
1988,738,38,2021-06-19,0
1989,566,48,2020-02-14,0
1990,163,22,2020-09-23,1
1991,451,27,2020-01-21,1
1992,147,25,2020-05-19,1
1993,611,35,2022-03-19,0
1994,175,17,2021-07-17,1
1995,636,33,2022-10-09,0
1996,865,42,2020-12-01,1
1997,901,40,2021-12-18,1
1998,718,16,2022-05-05,1
1999,817,1,2022-05-04,1
2000,488,43,2022-08-09,1
